15,16975,000000000000000000000000000000000000000000000000000000000,0,0,0,0,0,0,1
15,16990,000000000000000000000000000000000000000000000000000000000,0,0,0,0,0,0,2
15,17005,000000000000010000000000000000000000000000000000000000000,0,0,0,0,0,0,2
15,17020,000000000000010000000000000000000000000000000000000000000,0,0,0,0,0,0,2
15,17035,000000000000010000000000000000000000000000000000000000000,0,0,0,0,0,0,2
15,17050,000000000000010000000000000000000000000000000000000000000,0,0,0,0,0,0,2
15,17065,000000000000000000000000000000000000000000000000000000000,0,0,0,0,0,0,2
15,17080,000000000000000000000000000000000000000000000000000000000,0,0,0,0,0,0,2
15,17095,000000000000000000000000000000000000000000000000000000000,0,0,0,0,0,0,2
15,17110,000000000000000000000000000000000000000000000000000000000,0,0,0,0,0,0,2
15,17125,000000000000000000000000000000000000000000000000000000000,0,0,0,0,0,0,2
15,17140,000000000000000000000000000000000000000000000000000000000,0,0,0,0,0,0,2
16,16975,000000000000000000000000000000000000000000000000000000000,0,0,0,0,0,0,1
16,16990,000000000000000000000000000000000000000000000000000000000,0,0,0,0,0,0,2
16,17005,000000000000000000000000000000000000000000000000000000000,0,0,0,0,0,0,2
16,17020,000000000000010000000000000000000000000000000000000000000,0,0,0,0,0,0,2
16,17035,000000000000000000000000000000000000000000000000000000000,0,0,0,0,0,0,2
16,17050,000000000000010000000000000000000000000000000000000000000,0,0,0,0,0,0,2
16,17065,000000000000010000000000000000000000000000000000000000000,0,0,0,0,0,0,2
16,17080,000000000000000000000000000000000000000000000000000000000,0,0,0,0,0,0,2
16,17095,000000000000010000000000000000000000000000000000000000000,0,0,0,0,0,0,2
16,17110,000000000000000000000000000000000000000000000000000000000,0,0,0,0,0,0,2
16,17125,000000000000000000000000000000000000000000000000000000000,0,0,0,0,0,0,2
16,17140,000000000000000000000000000000000000000000000000000000000,0,0,0,0,0,0,2
17,16975,001000000000000000000000000000000000000000000000000000000,0,0,0,0,0,0,1
17,16990,000000000000000100000000000000000000000000000000000000000,0,0,1065336952,3174321946,0,0,2
17,17005,000000000000000000000000000000000000000000000000000000000,0,0,0,0,0,0,2
17,17020,000000000000000000000000000000000000000000000000000000000,0,0,0,0,0,0,2
17,17035,000000000000000000000000000000000000000000000000000000000,0,0,0,0,0,0,2
17,17050,000000000000000000000000000000000000000000000000000000000,0,0,0,0,0,0,2
17,17065,000000000000010000000000000000000000000000000000000000000,0,0,0,0,0,0,2
17,17080,000000000000000000000000000000000000000000000000000000000,0,0,0,0,0,0,2
17,17095,000000000000010000000000000000000000000000000000000000000,0,0,0,0,0,0,2
17,17110,000000000000000000000000000000000000000000000000000000000,0,0,0,0,0,0,2
17,17125,000000000000000000000000000000000000000000000000000000000,0,0,0,0,0,0,2
17,17140,000000000000000000000000000000000000000000000000000000000,0,0,0,0,0,0,2
18,16975,001000000000000000000000000000000000000000000000000000000,0,0,0,0,0,0,1
18,16990,000000000000000100000000000000000000000000000000000000000,0,0,1065336952,3174321946,0,0,2
18,17005,000000000000010000000000000000000000000000000000000000000,0,0,0,0,0,0,2
18,17020,000000000000000000000000000000000000000000000000000000000,0,0,0,0,0,0,2
18,17035,000000000000000000000000000000000000000000000000000000000,0,0,0,0,0,0,2
18,17050,000000000000000000000000000000000000000000000000000000000,0,0,0,0,0,0,2
18,17065,000000000000000000000000000000000000000000000000000000000,0,0,0,0,0,0,2
18,17080,000000000000000000000000000000000000000000000000000000000,0,0,0,0,0,0,2
18,17095,000000000000000000000000000000000000000000000000000000000,0,0,0,0,0,0,2
18,17110,000000000000000000000000000000000000000000000000000000000,0,0,0,0,0,0,2
18,17125,000000000000010000000000000000000000000000000000000000000,0,0,0,0,0,0,2
18,17140,000000000000000000000000000000000000000000000000000000000,0,0,0,0,0,0,2
19,16975,001000000000000000000000000000000000000000000000000000000,0,0,0,0,0,0,1
19,16990,000000000000000100000000000000000000000000000000000000000,0,0,1065353216,956793559,0,0,2
19,17005,000000000000010000000000000000000000000000000000000000000,0,0,0,0,0,0,2
19,17020,000000000000010000000000000000000000000000000000000000000,0,0,0,0,0,0,2
19,17035,000000000000000000000000000000000000000000000000000000000,0,0,0,0,0,0,2
19,17050,000000000000010000000000000000000000000000000000000000000,0,0,0,0,0,0,2
19,17065,000000000000000000000000000000000000000000000000000000000,0,0,0,0,0,0,2
19,17080,000000000000010000000000000000000000000000000000000000000,0,0,0,0,0,0,2
19,17095,000000000000000000000000000000000000000000000000000000000,0,0,0,0,0,0,2
19,17110,000000000000010000000000000000000000000000000000000000000,0,0,0,0,0,0,2
19,17125,000000000000010000000000000000000000000000000000000000000,0,0,0,0,0,0,2
19,17140,000000000000010000000000000000000000000000000000000000000,0,0,0,0,0,0,2
20,16975,001000000000000000000000000000000000000000000000000000000,0,0,0,0,0,0,1
20,16990,000000000000000100000000000000000000000000000000000000000,0,0,1065353216,956793559,0,0,2
20,17005,000000000000000000000000000000000000000000000000000000000,0,0,0,0,0,0,2
20,17020,000000000000010000000000000000000000000000000000000000000,0,0,0,0,0,0,2
20,17035,000000000000000000000000000000000000000000000000000000000,0,0,0,0,0,0,2
20,17050,000000000000010000000000000000000000000000000000000000000,0,0,0,0,0,0,2
20,17065,000000000000010000000000000000000000000000000000000000000,0,0,0,0,0,0,2
20,17080,000000000000010000000000000000000000000000000000000000000,0,0,0,0,0,0,2
20,17095,000000000000010000000000000000000000000000000000000000000,0,0,0,0,0,0,2
20,17110,000000000000010000000000000000000000000000000000000000000,0,0,0,0,0,0,2
20,17125,000000000000000000000000000000000000000000000000000000000,0,0,0,0,0,0,2
20,17140,000000000000010000000000000000000000000000000000000000000,0,0,0,0,0,0,2
21,16975,001000000000000000000000000000000000000000000000000000000,0,0,0,0,0,0,1
21,16990,000000000000000100000000000000000000000000000000000000000,0,0,1065340133,1025620578,0,0,2
21,17005,000000000000000000000000000000000000000000000000000000000,0,0,0,0,0,0,2
21,17020,000000000000000000000000000000000000000000000000000000000,0,0,0,0,0,0,2
21,17035,000000000000000000000000000000000000000000000000000000000,0,0,0,0,0,0,2
21,17050,000000000000000000000000000000000000000000000000000000000,0,0,0,0,0,0,2
21,17065,000000000000010000000000000000000000000000000000000000000,0,0,0,0,0,0,2
21,17080,000000000000000000000000000000000000000000000000000000000,0,0,0,0,0,0,2
21,17095,000000000000010000000000000000000000000000000000000000000,0,0,0,0,0,0,2
21,17110,000000000000000000000000000000000000000000000000000000000,0,0,0,0,0,0,2
21,17125,000000000000000000000000000000000000000000000000000000000,0,0,0,0,0,0,2
21,17140,000000000000000000000000000000000000000000000000000000000,0,0,0,0,0,0,2
22,16975,001000000000000000000000000000000000000000000000000000000,0,0,0,0,0,0,1
22,16990,000000000000000100000000000000000000000000000000000000000,0,0,1065340133,1025620578,0,0,2
22,17005,000000000000000000000000000000000000000000000000000000000,0,0,0,0,0,0,2
22,17020,000000000000000000000000000000000000000000000000000000000,0,0,0,0,0,0,2
22,17035,000000000000000100000000000000000000000000000000000000000,0,0,1065244354,3186158870,0,0,2
22,17050,000000000000000000000000000000000000000000000000000000000,0,0,0,0,0,0,2
22,17065,000000000000000000000000000000000000000000000000000000000,0,0,0,0,0,0,2
22,17080,000000000000000000000000000000000000000000000000000000000,0,0,0,0,0,0,2
22,17095,000000000000000000000000000000000000000000000000000000000,0,0,0,0,0,0,2
22,17110,000000000000000000000000000000000000000000000000000000000,0,0,0,0,0,0,2
22,17125,000000000000010000000000000000000000000000000000000000000,0,0,0,0,0,0,2
22,17140,000000000000000000000000000000000000000000000000000000000,0,0,0,0,0,0,2
23,16975,001000000000000000000000000000000000000000000000000000000,0,0,0,0,0,0,1
23,16990,000000000000000100000000000000000000000000000000000000000,0,0,1065286932,1035329168,0,0,2
23,17005,000000000000000000000000000000000000000000000000000000000,0,0,0,0,0,0,2
23,17020,000000000000010000000000000000000000000000000000000000000,0,0,0,0,0,0,2
23,17035,000000000000000100000000000000000000000000000000000000000,0,0,1065244354,3186158870,0,0,2
23,17050,000000000000010000000000000000000000000000000000000000000,0,0,0,0,0,0,2
23,17065,000000000000000000000000000000000000000000000000000000000,0,0,0,0,0,0,2
23,17080,000000000000010000000000000000000000000000000000000000000,0,0,0,0,0,0,2
23,17095,000000000000000000000000000000000000000000000000000000000,0,0,0,0,0,0,2
23,17110,000000000000010000000000000000000000000000000000000000000,0,0,0,0,0,0,2
23,17125,000000000000010000000000000000000000000000000000000000000,0,0,0,0,0,0,2
23,17140,000000000000010000000000000000000000000000000000000000000,0,0,0,0,0,0,2
24,16975,001000000000000000000000000000000000000000000000000000000,0,0,0,0,0,0,1
24,16990,000000000000000100000000000000000000000000000000000000000,0,0,1065286932,1035329168,0,0,2
24,17005,000000000000000100000000000000000000000000000000000000000,0,0,1065161780,3189391329,0,0,2
24,17020,000000000000010000000000000000000000000000000000000000000,0,0,0,0,0,0,2
24,17035,000000000000000100000000000000000000000000000000000000000,0,0,1065262583,3184826075,0,0,2
24,17050,000000000000010000000000000000000000000000000000000000000,0,0,0,0,0,0,2
24,17065,000000000000010000000000000000000000000000000000000000000,0,0,0,0,0,0,2
24,17080,000000000000010000000000000000000000000000000000000000000,0,0,0,0,0,0,2
24,17095,000000000000010000000000000000000000000000000000000000000,0,0,0,0,0,0,2
24,17110,000000000000010000000000000000000000000000000000000000000,0,0,0,0,0,0,2
24,17125,000000000000000000000000000000000000000000000000000000000,0,0,0,0,0,0,2
24,17140,000000000000010000000000000000000000000000000000000000000,0,0,0,0,0,0,2
25,16975,001000000000000000000000000000000000000000000000000000000,0,0,0,0,0,0,1
25,16990,000000000000000100000000000000000000000000000000000000000,0,0,1065263686,1037257603,0,0,2
25,17005,000000000000000100000000000000000000000000000000000000000,0,0,1065161780,3189391329,0,0,2
25,17020,000000000000000000000000000000000000000000000000000000000,0,0,0,0,0,0,2
25,17035,000000000000000100000000000000000000000000000000000000000,0,0,1065262583,3184826075,0,0,2
25,17050,000000000000000000000000000000000000000000000000000000000,0,0,0,0,0,0,2
25,17065,000000000000010000000000000000000000000000000000000000000,0,0,0,0,0,0,2
25,17080,000000000000000000000000000000000000000000000000000000000,0,0,0,0,0,0,2
25,17095,000000000000010000000000000000000000000000000000000000000,0,0,0,0,0,0,2
25,17110,000000000000000000000000000000000000000000000000000000000,0,0,0,0,0,0,2
25,17125,000000000000000000000000000000000000000000000000000000000,0,0,0,0,0,0,2
25,17140,000000000000000000000000000000000000000000000000000000000,0,0,0,0,0,0,2
26,16975,001000000000000000000000000000000000000000000000000000000,0,0,0,0,0,0,1
26,16990,000000000000000100000000000000000000000000000000000000000,0,0,1065263686,1037257603,0,0,2
26,17005,000000000000000100000000000000000000000000000000000000000,0,0,1065227523,3187292374,0,0,2
26,17020,000000000000000000000000000000000000000000000000000000000,0,0,0,0,0,0,2
26,17035,000000000000000100000000000000000000000000000000000000000,0,0,1065299820,3181593532,0,0,2
26,17050,000000000000000000000000000000000000000000000000000000000,0,0,0,0,0,0,2
26,17065,000000000000000000000000000000000000000000000000000000000,0,0,0,0,0,0,2
26,17080,000000000000000000000000000000000000000000000000000000000,0,0,0,0,0,0,2
26,17095,000000000000000000000000000000000000000000000000000000000,0,0,0,0,0,0,2
26,17110,000000000000000000000000000000000000000000000000000000000,0,0,0,0,0,0,2
26,17125,000000000000010000000000000000000000000000000000000000000,0,0,0,0,0,0,2
26,17140,000000000000000000000000000000000000000000000000000000000,0,0,0,0,0,0,2
27,16975,001000000000000000000000000000000000000000000000000000000,0,0,0,0,0,0,1
27,16990,000000000000000100000000000000000000000000000000000000000,0,0,1065236507,1039213929,0,0,2
27,17005,000000000000000100000000000000000000000000000000000000000,0,0,1065227523,3187292374,0,0,2
27,17020,000000000000010000000000000000000000000000000000000000000,0,0,0,0,0,0,2
27,17035,000000000000000100000000000000000000000000000000000000000,0,0,1065299820,3181593532,0,0,2
27,17050,000000000000000000000000000000000000000000000000000000000,0,0,0,0,0,0,2
27,17065,000000000000000000000000000000000000000000000000000000000,0,0,0,0,0,0,2
27,17080,000000000000010000000000000000000000000000000000000000000,0,0,0,0,0,0,2
27,17095,000000000000000000000000000000000000000000000000000000000,0,0,0,0,0,0,2
27,17110,000000000000010000000000000000000000000000000000000000000,0,0,0,0,0,0,2
27,17125,000000000000010000000000000000000000000000000000000000000,0,0,0,0,0,0,2
27,17140,000000000000010000000000000000000000000000000000000000000,0,0,0,0,0,0,2
28,16975,001000000000000000000000000000000000000000000000000000000,0,0,0,0,0,0,1
28,16990,000000000000000100000000000000000000000000000000000000000,0,0,1065236507,1039213929,0,0,2
28,17005,000000000000000100000000000000000000000000000000000000000,0,0,1065308628,3180672570,0,0,2
28,17020,000000000000010000000000000000000000000000000000000000000,0,0,0,0,0,0,2
28,17035,000000000000000100000000000000000000000000000000000000000,0,0,1065337226,3174222064,0,0,2
28,17050,000000000000000000000000000000000000000000000000000000000,0,0,0,0,0,0,2
28,17065,000000000000010000000000000000000000000000000000000000000,0,0,0,0,0,0,2
28,17080,000000000000010000000000000000000000000000000000000000000,0,0,0,0,0,0,2
28,17095,000000000000010000000000000000000000000000000000000000000,0,0,0,0,0,0,2
28,17110,000000000000010000000000000000000000000000000000000000000,0,0,0,0,0,0,2
28,17125,000000000000000000000000000000000000000000000000000000000,0,0,0,0,0,0,2
28,17140,000000000000010000000000000000000000000000000000000000000,0,0,0,0,0,0,2
29,16975,001000000000000000000000000000000000000000000000000000000,0,0,0,0,0,0,1
29,16990,000000000000000100000000000000000000000000000000000000000,0,0,1065174011,1041581230,0,0,2
29,17005,000000000000000100000000000000000000000000000000000000000,0,0,1065308628,3180672570,0,0,2
29,17020,000000000000000000000000000000000000000000000000000000000,0,0,0,0,0,0,2
29,17035,000000000000000100000000000000000000000000000000000000000,0,0,1065337226,3174222064,0,0,2
29,17050,000000000000000100000000000000000000000000000000000000000,0,0,1065112876,3190600880,0,0,2
29,17065,000000000000010000000000000000000000000000000000000000000,0,0,0,0,0,0,2
29,17080,000000000000000000000000000000000000000000000000000000000,0,0,0,0,0,0,2
29,17095,000000000000010000000000000000000000000000000000000000000,0,0,0,0,0,0,2
29,17110,000000000000000000000000000000000000000000000000000000000,0,0,0,0,0,0,2
29,17125,000000000000000000000000000000000000000000000000000000000,0,0,0,0,0,0,2
29,17140,000000000000000000000000000000000000000000000000000000000,0,0,0,0,0,0,2
30,16975,001000000000000000000000000000000000000000000000000000000,0,0,0,0,0,0,1
30,16990,000000000000000100000000000000000000000000000000000000000,0,0,1065174011,1041581230,0,0,2
30,17005,000000000000000100000000000000000000000000000000000000000,0,0,1065351435,3161372905,0,0,2
30,17020,000000000000000000000000000000000000000000000000000000000,0,0,0,0,0,0,2
30,17035,000000000000000100000000000000000000000000000000000000000,0,0,1065347322,3168345633,0,0,2
30,17050,000000000000000100000000000000000000000000000000000000000,0,0,1065112876,3190600880,0,0,2
30,17065,000000000000000000000000000000000000000000000000000000000,0,0,0,0,0,0,2
30,17080,000000000000000000000000000000000000000000000000000000000,0,0,0,0,0,0,2
30,17095,000000000000000000000000000000000000000000000000000000000,0,0,0,0,0,0,2
30,17110,000000000000000000000000000000000000000000000000000000000,0,0,0,0,0,0,2
30,17125,000000000000010000000000000000000000000000000000000000000,0,0,0,0,0,0,2
30,17140,000000000000000000000000000000000000000000000000000000000,0,0,0,0,0,0,2
31,16975,001000000000000000000000000000000000000000000000000000000,0,0,0,0,0,0,1
31,16990,000000000000000100000000000000000000000000000000000000000,0,0,1065063821,1044209577,0,0,2
31,17005,000000000000000100000000000000000000000000000000000000000,0,0,1065351435,3161372905,0,0,2
31,17020,000000000000010000000000000000000000000000000000000000000,0,0,0,0,0,0,2
31,17035,000000000000000100000000000000000000000000000000000000000,0,0,1065347322,3168345633,0,0,2
31,17050,000000000000000100000000000000000000000000000000000000000,0,0,1065240580,3186420296,0,0,2
31,17065,000000000000000000000000000000000000000000000000000000000,0,0,0,0,0,0,2
31,17080,000000000000010000000000000000000000000000000000000000000,0,0,0,0,0,0,2
31,17095,000000000000000000000000000000000000000000000000000000000,0,0,0,0,0,0,2
31,17110,000000000000010000000000000000000000000000000000000000000,0,0,0,0,0,0,2
31,17125,000000000000010000000000000000000000000000000000000000000,0,0,0,0,0,0,2
31,17140,000000000000010000000000000000000000000000000000000000000,0,0,0,0,0,0,2
32,16975,001000000000000000000000000000000000000000000000000000000,0,0,0,0,0,0,1
32,16990,000000000000000100000000000000000000000000000000000000000,0,0,1065063821,1044209577,0,0,2
32,17005,000000000000000100000000000000000000000000000000000000000,0,0,1065349112,1018507240,0,0,2
32,17020,000000000000010000000000000000000000000000000000000000000,0,0,0,0,0,0,2
32,17035,000000000000000100000000000000000000000000000000000000000,0,0,1065353114,996415949,0,0,2
32,17050,000000000000000100000000000000000000000000000000000000000,0,0,1065240580,3186420296,0,0,2
32,17065,000000000000010000000000000000000000000000000000000000000,0,0,0,0,0,0,2
32,17080,000000000000010000000000000000000000000000000000000000000,0,0,0,0,0,0,2
32,17095,000000000000010000000000000000000000000000000000000000000,0,0,0,0,0,0,2
32,17110,000000000000010000000000000000000000000000000000000000000,0,0,0,0,0,0,2
32,17125,000000000000000000000000000000000000000000000000000000000,0,0,0,0,0,0,2
32,17140,000000000000010000000000000000000000000000000000000000000,0,0,0,0,0,0,2
33,16975,001000000000000000000000000000000000000000000000000000000,0,0,0,0,0,0,1
33,16990,000000000000000100000000000000000000000000000000000000000,0,0,1065054226,1044411815,0,0,2
33,17005,000000000000000100000000000000000000000000000000000000000,0,0,1065349112,1018507240,0,0,2
33,17020,000000000000000000000000000000000000000000000000000000000,0,0,0,0,0,0,2
33,17035,000000000000000100000000000000000000000000000000000000000,0,0,1065353114,996415949,0,0,2
33,17050,000000000000000100000000000000000000000000000000000000000,0,0,1065279870,3183430378,0,0,2
33,17065,000000000000010000000000000000000000000000000000000000000,0,0,0,0,0,0,2
33,17080,000000000000000000000000000000000000000000000000000000000,0,0,0,0,0,0,2
33,17095,000000000000010000000000000000000000000000000000000000000,0,0,0,0,0,0,2
33,17110,000000000000000000000000000000000000000000000000000000000,0,0,0,0,0,0,2
33,17125,000000000000000000000000000000000000000000000000000000000,0,0,0,0,0,0,2
33,17140,000000000000000000000000000000000000000000000000000000000,0,0,0,0,0,0,2
34,16975,001000000000000000000000000000000000000000000000000000000,0,0,0,0,0,0,1
34,16990,000000000000000100000000000000000000000000000000000000000,0,0,1065054226,1044411815,0,0,2
34,17005,000000000000000100000000000000000000000000000000000000000,0,0,1065313057,1032691159,0,0,2
34,17020,000000000000000000000000000000000000000000000000000000000,0,0,0,0,0,0,2
34,17035,000000000000000100000000000000000000000000000000000000000,0,0,1065352945,3149537091,0,0,2
34,17050,000000000000000100000000000000000000000000000000000000000,0,0,1065279870,3183430378,0,0,2
34,17065,000000000000000000000000000000000000000000000000000000000,0,0,0,0,0,0,2
34,17080,000000000000000000000000000000000000000000000000000000000,0,0,0,0,0,0,2
34,17095,000000000000000000000000000000000000000000000000000000000,0,0,0,0,0,0,2
34,17110,000000000000000000000000000000000000000000000000000000000,0,0,0,0,0,0,2
34,17125,000000000000010000000000000000000000000000000000000000000,0,0,0,0,0,0,2
34,17140,000000000000000000000000000000000000000000000000000000000,0,0,0,0,0,0,2
35,16975,001000000000000000000000000000000000000000000000000000000,0,0,0,0,0,0,1
35,16990,000000000000000100000000000000000000000000000000000000000,0,0,1065046035,1044581858,0,0,2
35,17005,000000000000000100000000000000000000000000000000000000000,0,0,1065313057,1032691159,0,0,2
35,17020,000000000000010000000000000000000000000000000000000000000,0,0,0,0,0,0,2
35,17035,000000000000000100000000000000000000000000000000000000000,0,0,1065352945,3149537091,0,0,2
35,17050,000000000000000100000000000000000000000000000000000000000,0,0,1065311682,3180332265,0,0,2
35,17065,000000000000000000000000000000000000000000000000000000000,0,0,0,0,0,0,2
35,17080,000000000000010000000000000000000000000000000000000000000,0,0,0,0,0,0,2
35,17095,000000000000000000000000000000000000000000000000000000000,0,0,0,0,0,0,2
35,17110,000000000000010000000000000000000000000000000000000000000,0,0,0,0,0,0,2
35,17125,000000000000010000000000000000000000000000000000000000000,0,0,0,0,0,0,2
35,17140,000000000000010000000000000000000000000000000000000000000,0,0,0,0,0,0,2
36,16975,001000000000000000000000000000000000000000000000000000000,0,0,0,0,0,0,1
36,16990,000000000000000100000000000000000000000000000000000000000,0,0,1065046035,1044581858,0,0,2
36,17005,000000000000000100000000000000000000000000000000000000000,0,0,1065310162,1033019465,0,0,2
36,17020,000000000000010000000000000000000000000000000000000000000,0,0,0,0,0,0,2
36,17035,000000000000000100000000000000000000000000000000000000000,0,0,1065353202,984024351,0,0,2
36,17050,000000000000000100000000000000000000000000000000000000000,0,0,1065311682,3180332265,0,0,2
36,17065,000000000000010000000000000000000000000000000000000000000,0,0,0,0,0,0,2
36,17080,000000000000010000000000000000000000000000000000000000000,0,0,0,0,0,0,2
36,17095,000000000000010000000000000000000000000000000000000000000,0,0,0,0,0,0,2
36,17110,000000000000010000000000000000000000000000000000000000000,0,0,0,0,0,0,2
36,17125,000000000000000000000000000000000000000000000000000000000,0,0,0,0,0,0,2
36,17140,000000000000010000000000000000000000000000000000000000000,0,0,0,0,0,0,2
37,16975,001000000000000000000000000000000000000000000000000000000,0,0,0,0,0,0,1
37,16990,000000000000000100000000000000000000000000000000000000000,0,0,1065114301,1043083866,0,0,2
37,17005,000000000000000100000000000000000000000000000000000000000,0,0,1065310162,1033019465,0,0,2
37,17020,000000000000000000000000000000000000000000000000000000000,0,0,0,0,0,0,2
37,17035,000000000000000100000000000000000000000000000000000000000,0,0,1065353202,984024351,0,0,2
37,17050,000000000000000100000000000000000000000000000000000000000,0,0,1065320670,3179217340,0,0,2
37,17065,000000000000010000000000000000000000000000000000000000000,0,0,0,0,0,0,2
37,17080,000000000000000000000000000000000000000000000000000000000,0,0,0,0,0,0,2
37,17095,000000000000010000000000000000000000000000000000000000000,0,0,0,0,0,0,2
37,17110,000000000000000000000000000000000000000000000000000000000,0,0,0,0,0,0,2
37,17125,000000000000000000000000000000000000000000000000000000000,0,0,0,0,0,0,2
37,17140,000000000000000000000000000000000000000000000000000000000,0,0,0,0,0,0,2
38,16975,001000000000000000000000000000000000000000000000000000000,0,0,0,0,0,0,1
38,16990,000000000000000100000000000000000000000000000000000000000,0,0,1065114301,1043083866,0,0,2
38,17005,000000000000000100000000000000000000000000000000000000000,0,0,1065288583,1035180137,0,0,2
38,17020,000000000000000000000000000000000000000000000000000000000,0,0,0,0,0,0,2
38,17035,000000000000000100000000000000000000000000000000000000000,0,0,1065351753,3159908676,0,0,2
38,17050,000000000000000100000000000000000000000000000000000000000,0,0,1065320670,3179217340,0,0,2
38,17065,000000000000000000000000000000000000000000000000000000000,0,0,0,0,0,0,2
38,17080,000000000000000000000000000000000000000000000000000000000,0,0,0,0,0,0,2
38,17095,000000000000000000000000000000000000000000000000000000000,0,0,0,0,0,0,2
38,17110,000000000000000000000000000000000000000000000000000000000,0,0,0,0,0,0,2
38,17125,000000000000010000000000000000000000000000000000000000000,0,0,0,0,0,0,2
38,17140,000000000000000000000000000000000000000000000000000000000,0,0,0,0,0,0,2
39,16975,001000000000000000000000000000000000000000000000000000000,0,0,0,0,0,0,1
39,16990,000000000000000100000000000000000000000000000000000000000,0,0,1065195632,1040975110,0,0,2
39,17005,000000000000000100000000000000000000000000000000000000000,0,0,1065288583,1035180137,0,0,2
39,17020,000000000000010000000000000000000000000000000000000000000,0,0,0,0,0,0,2
39,17035,000000000000000100000000000000000000000000000000000000000,0,0,1065351753,3159908676,0,0,2
39,17050,000000000000000100000000000000000000000000000000000000000,0,0,1065334139,3175302689,0,0,2
39,17065,000000000000000000000000000000000000000000000000000000000,0,0,0,0,0,0,2
39,17080,000000000000010000000000000000000000000000000000000000000,0,0,0,0,0,0,2
39,17095,000000000000000000000000000000000000000000000000000000000,0,0,0,0,0,0,2
39,17110,000000000000010000000000000000000000000000000000000000000,0,0,0,0,0,0,2
39,17125,000000000000010000000000000000000000000000000000000000000,0,0,0,0,0,0,2
39,17140,000000000000010000000000000000000000000000000000000000000,0,0,0,0,0,0,2
40,16975,001000000000000000000000000000000000000000000000000000000,0,0,0,0,0,0,1
40,16990,000000000000000100000000000000000000000000000000000000000,0,0,1065195632,1040975110,0,0,2
40,17005,000000000000000100000000000000000000000000000000000000000,0,0,1065318786,1032004533,0,0,2
40,17020,000000000000010000000000000000000000000000000000000000000,0,0,0,0,0,0,2
40,17035,000000000000000100000000000000000000000000000000000000000,0,0,1065339217,3173468758,0,0,2
40,17050,000000000000000100000000000000000000000000000000000000000,0,0,1065334139,3175302689,0,0,2
40,17065,000000000000010000000000000000000000000000000000000000000,0,0,0,0,0,0,2
40,17080,000000000000010000000000000000000000000000000000000000000,0,0,0,0,0,0,2
40,17095,000000000000010000000000000000000000000000000000000000000,0,0,0,0,0,0,2
40,17110,000000000000010000000000000000000000000000000000000000000,0,0,0,0,0,0,2
40,17125,000000000000000000000000000000000000000000000000000000000,0,0,0,0,0,0,2
40,17140,000000000000010000000000000000000000000000000000000000000,0,0,0,0,0,0,2
