78,16975,0,0,0,0
78,16989,0,0,1057554912,1076285283
78,17017,1065252172,1038118578,3188100162,3188100162
78,17031,3209911754,1058041419,3206116640,1081044259
78,17073,1063398298,1055906737,3199885394,1080056805
78,17087,3201988741,3211232843,1066443356,1073790637
78,17101,1063141421,3204323185,1058108532,1058108532
78,17115,0,0,3172440384,3172440384
78,17143,3209978712,1057942677,3204390032,1080619885
78,17213,0,0,3215610993,3215610993
78,17227,0,0,3173304960,3173304960
78,17269,1064042509,3200672899,1053538785,1053538785
78,17283,0,0,1030179520,1078293168
78,17297,1065322361,1031294102,3178787733,3178787733
78,17311,1060598792,3207761249,1061525671,1061525671
78,17339,1065079641,3191352113,1043934500,1043934500
78,17353,0,0,3210314455,3210314455
78,17367,1065284458,1035549107,3183049365,3183049365
78,17395,1064946492,1046485898,3189378215,3189378215
78,17409,1033059467,3212793451,1069537801,1069537801
78,17423,1065342840,3171944670,3174252742,3174252742
78,17451,3206833392,1061436848,3210714164,1082162036
78,17465,0,0,1064572204,1074530960
78,17479,1065336829,3174366708,1026886923,1026886923
78,17493,1065349344,1018167337,3142402348,3142402348
78,17507,1064810140,3196139256,1048748179,1048748179
78,17535,3212797600,1032587286,3180078112,1078817020
78,17549,1065352352,1009140187,3156624022,3156624022
78,17563,0,0,1057639348,1057639348
78,17577,0,0,3192801856,1079374975
78,17591,1065298640,1034227291,3182417435,3182417435
78,17605,3212825856,1024744331,3172230144,1078681963
78,17619,3212030290,1050466216,3198117824,1079835859
78,17647,1064946131,3193975984,1046612344,1046612344
78,17675,1062271157,3205750761,1058174974,1058174974
78,17689,1063112145,1056941553,3204830870,3204830870
78,17717,1065352295,1009497379,3169037831,3169037831
78,17731,3211934656,3198526284,1051241504,1077148247
78,17745,1065296714,3181899880,1033566784,1033566784
78,17773,1064945143,1046509946,3194114040,3194114040
78,17787,1064408481,1051288297,3201909816,3201909816
78,17801,3212261671,1048898174,3196482760,1079631476
78,17815,1063951214,1053615389,3201314329,3201314329
78,17829,0,0,1044657256,1044657256
78,17843,3199596027,3211741601,1067093539,1073189267
78,17857,1061109432,3207212588,1060776088,1060776088
78,17871,1062698261,3205117060,1058045586,1058045586
78,17885,3211978652,1050781785,3198449864,1079877364
78,17899,0,0,1033829600,1078204404
78,17913,3212079368,1050156058,3197792504,1079795194
78,17941,0,0,1011784192,1011784192
78,17955,1063231071,3204005527,1057106025,1057106025
78,17969,3205914785,1062153601,3212984274,1082464226
78,17983,1064103347,3200379538,1053221191,1053221191
78,17997,1065195125,3188473434,1048944036,1048944036
78,18011,1063790517,1054328601,3202268345,3202268345
78,18025,1065349943,1017237786,3181149939,3181149939
78,18039,1065352689,1006754147,3154237884,3154237884
78,18053,3209907016,3205531997,1058641384,1076013665
78,18067,0,0,3211998724,3211998724
78,18081,3210019279,1057882110,3205924436,1080996208
78,18095,1064240743,3199686164,1052475335,1052475335
78,18109,1062259184,1058284009,3206772494,3206772494
78,18123,1065270827,1036695293,3184200731,3184200731
78,18137,1057896238,3210009850,1065784650,1065784650
78,18165,1064950938,3193890036,1046524271,1046524271
78,18179,3209200653,3206489844,1059831768,1075716069
78,18193,0,0,3187461728,1079047758
78,18207,1064132629,3200235478,1056795460,1056795460
78,18221,3212821172,3174112580,1026632576,1078348589
78,18235,1063140830,3204325252,1060482327,1060482327
78,18249,3211898718,3198734278,1051461568,1077120739
78,18277,0,0,1066038668,1066038668
78,18291,3204952720,1062802322,3212938494,1082452781
78,18305,1063845510,1054089486,3203339549,3203339549
78,18319,1064234428,3199719045,1052510558,1052510558
78,18333,1062514916,1057913109,3206124672,3206124672
78,18347,1062180715,1058393673,3206547097,3206547097
78,18361,0,0,1059181012,1075878758
78,18375,0,0,1066946469,1066946469
78,18389,0,0,3205633594,3205633594
78,18403,0,0,0,0
78,18417,1063879814,3201421421,1056161459,1056161459
78,18431,1065191340,1041098645,3188612319,3188612319
78,18445,1064602796,3197594101,1051936333,1051936333
78,18459,0,0,3205239980,1080825094
78,18473,1063482470,3203068718,1054772260,1054772260
78,18501,1059467859,1061336971,3210559475,3210559475
78,18515,1063093559,3204468896,1056525410,1056525410
78,18529,1065238123,1039104529,3186624164,3186624164
78,18543,3212165258,3197069829,1034421600,1078185904
78,18557,1065311328,3180372292,1032896540,1032896540
78,18571,0,0,1068614609,1071668197
78,18585,1062169759,1058408838,3206565806,3206565806
78,18599,0,0,1049185744,1077405217
78,18613,3211122970,1054961871,3202970120,1080442396
78,18627,0,0,1057587044,1057587044
78,18641,3211891308,3198776630,1051506440,1077115130
78,18655,0,0,1058446382,1058446382
78,18697,3212489905,3192859841,1045470576,1077675524
78,18711,1064236591,1052224146,3199982152,3199982152
78,18725,1049416352,1064706144,3215287683,3215287683
78,18739,0,0,0,0
78,18753,1064960593,1046232127,3193829430,3193829430
78,18767,3212819570,3174690031,1027210624,1078339557
78,18781,3212296766,1048632747,3196208208,1079597157
78,18795,3211210784,3202081880,1055082640,1076668105
78,18809,1065342932,1024419227,3171904795,3171904795
78,18823,1065263240,1037291974,3181843313,3181843313
78,18837,1065178683,1041453536,3188970803,3188970803
78,18851,0,0,3192068560,3192068560
78,18865,3212827135,3171645289,1024163456,1078387169
78,18879,1064389931,3198877209,1050044596,1050044596
78,18907,3205181436,1062656765,3212769012,1082418892
78,18921,1061317978,1059490072,3206759851,3206759851
78,18949,0,0,3214917102,1082947433
78,18963,1065293165,1034755982,3183386580,3183386580
78,18977,0,0,3178375232,1078777980
78,18991,1064173878,3200029223,1051773949,1051773949
78,19005,1063724525,3202092851,1055094791,1055094791
78,19019,0,0,1053615563,1053615563
78,19033,1061203163,3207106355,1060634415,1060634415
78,19047,3209889482,1058073929,3206156048,1081054111
78,19061,3212816964,3175575734,1028097280,1078325703
79,16975,0,0,0,0
79,16989,3209433615,3206189405,1057554912,1076285283
79,17017,1065252172,1038118578,3185631825,3185631825
79,17031,3209465980,1058662884,3206116640,1081044259
79,17073,1063398298,1055906737,3204030892,3204030892
79,17087,3202333946,3211150200,1066443356,1073790637
79,17101,1063141421,3204323185,1057288409,1057288409
79,17115,0,0,3172440384,3172440384
79,17143,3209978712,1057942677,3205997336,1081014433
79,17213,0,0,3215610993,3215610993
79,17227,0,0,3173304960,3173304960
79,17269,1064442105,3198578229,1053538785,1053538785
79,17283,0,0,1030179520,1078293168
79,17297,1065353146,993853303,3178787733,3178787733
79,17311,1060598792,3207761249,1061525671,1061525671
79,17339,1065103516,3190817554,1043934500,1043934500
79,17353,0,0,3210314455,3210314455
79,17367,1065073141,1044009803,3183049365,3183049365
79,17395,1064946492,1046485898,3194089394,3194089394
79,17409,1033059467,3212793451,1069537801,1069537801
79,17423,1065342840,3171944670,1024462968,1024462968
79,17451,3205690583,1062313542,3210714164,1082162036
79,17465,0,0,1064572204,1074530960
79,17479,1065348703,3166567776,1026886923,1026886923
79,17493,1065349344,1018167337,3165651872,3165651872
79,17507,1064804882,3196179473,1048748179,1048748179
79,17535,3212797600,1032587286,3180078112,1078817020
79,17549,1065307342,3180812483,3156624022,3156624022
79,17563,0,0,1057639348,1057639348
79,17577,0,0,3192801856,1079374975
79,17591,1065298640,1034227291,3181722684,3181722684
79,17605,3212825856,1024744331,3172230144,1078681963
79,17619,3212030290,1050466216,3198117824,1079835859
79,17647,1064786260,3196320302,1046612344,1046612344
79,17675,1062271157,3205750761,1058907894,1058907894
79,17689,1062873958,1057353436,3204830870,3204830870
79,17717,1065352295,1009497379,3156981233,3156981233
79,17731,3211934656,3198526284,1051241504,1077148247
79,17745,1065296714,3181899880,1034428604,1034428604
79,17773,1064965236,1046147545,3194114040,3194114040
79,17787,1064408481,1051288297,3198985121,3198985121
79,17801,3211826898,1051653655,3196482760,1079631476
79,17815,1063951214,1053615389,3201486045,3201486045
79,17829,0,0,1044657256,1044657256
79,17843,3199596027,3211741601,1067093539,1073189267
79,17857,1061109432,3207212588,1060776088,1060776088
79,17871,1062698261,3205117060,1058143632,1058143632
79,17885,3211766550,1051980308,3198449864,1079877364
79,17899,0,0,1033829600,1078204404
79,17913,3212079368,1050156058,3197792504,1079795194
79,17941,0,0,1011784192,1011784192
79,17955,1062927313,3204749573,1057106025,1057106025
79,17969,3205914785,1062153601,3211879540,1082307708
79,17983,1064764490,3196481887,1053221191,1053221191
79,17997,1065195125,3188473434,1041018764,1041018764
79,18011,1063591723,1055154430,3202268345,3202268345
79,18025,1065349943,1017237786,3164722124,3164722124
79,18039,1065353201,3131916671,3154237884,3154237884
79,18053,3209907016,3205531997,1058641384,1076013665
79,18067,0,0,3211998724,3211998724
79,18081,3210019279,1057882110,3205924436,1080996208
79,18095,1064079707,3200494464,1052475335,1052475335
79,18109,1062259184,1058284009,3206412250,3206412250
79,18123,1064932121,1046739886,3184200731,3184200731
79,18137,1057896238,3210009850,1065047816,1065047816
79,18165,1065038988,3192209914,1046524271,1046524271
79,18179,3209200653,3206489844,1059831768,1075716069
79,18193,0,0,3187461728,1079047758
79,18207,1064132629,3200235478,1053065681,1053065681
79,18221,3212833397,3165030369,1026632576,1078348589
79,18235,1063140830,3204325252,1057289600,1057289600
79,18249,3211898718,3198734278,1051461568,1077120739
79,18277,0,0,1066038668,1066038668
79,18291,0,0,3212938494,1082452781
79,18305,1063845510,1054089486,3202005147,3202005147
79,18319,1064704445,3196911873,1052510558,1052510558
79,18333,1062514916,1057913109,3205961720,3205961720
79,18347,1062072801,1058541507,3206547097,3206547097
79,18361,0,0,1059181012,1075878758
79,18375,0,0,1066946469,1066946469
79,18389,0,0,3205633594,3205633594
79,18403,0,0,0,0
79,18417,1063879814,3201421421,1054354994,1054354994
79,18431,1065314697,1032499983,3188612319,3188612319
79,18445,1064602796,3197594101,1050261100,1050261100
79,18459,0,0,3205239980,1080825094
79,18473,1063482470,3203068718,1056184187,1056184187
79,18501,1059297762,1061480217,3210559475,3210559475
79,18515,1063093559,3204468896,1057384373,1057384373
79,18529,1065203951,1040730711,3186624164,3186624164
79,18543,3212165258,3197069829,1049713640,1077339230
79,18557,1065225457,3187426065,1032896540,1032896540
79,18571,0,0,1068614609,1071668197
79,18585,1062677262,1057666070,3206565806,3206565806
79,18599,0,0,1049185744,1077405217
79,18613,3211122970,1054961871,3202970120,1080442396
79,18627,0,0,1057587044,1057587044
79,18641,3212085584,3197599658,1051506440,1077115130
79,18655,0,0,1058446382,1058446382
79,18697,0,0,1045470576,1077675524
79,18711,1064236591,1052224146,3199982152,3199982152
79,18725,1051465631,1064377117,3215287683,3215287683
79,18739,0,0,0,0
79,18753,1064847284,1048154969,3193829430,3193829430
79,19061,3212578163,3191022031,1028097280,1078325703
79,19047,3209889482,1058073929,3206156048,1081054111
79,18795,3211210784,3202081880,1055082640,1076668105
79,18809,1065228750,1039728796,3171904795,3171904795
79,18823,1065263240,1037291974,3184800491,3184800491
79,18837,1065325865,1030343164,3188970803,3188970803
79,18851,0,0,3192068560,3192068560
79,18865,3212827135,3171645289,1024163456,1078387169
79,18879,1064389931,3198877209,1051613083,1051613083
79,18907,3205809407,1062229468,3212769012,1082418892
79,18921,1061317978,1059490072,3207942636,3207942636
79,18949,0,0,3214917102,1082947433
79,18963,1065293165,1034755982,3182253186,3182253186
79,18977,3212768818,3182969907,3178375232,1078777980
79,18991,1064173878,3200029223,1052843539,1052843539
79,19005,1063775477,3201876795,1055094791,1055094791
79,19019,0,0,1053615563,1053615563
79,19033,1060981789,3207354398,1060634415,1060634415
80,16975,0,0,0,0
80,16989,3209433615,3206189405,1059451584,1075811115
80,17017,1065286931,1035329296,3185631825,3185631825
80,17031,3209465980,1058662884,3206881516,1081235478
80,17073,1062233671,1058319869,3204030892,1080574992
80,17087,3202333946,3211150200,1066347672,1073838479
80,17101,1063597749,3202613869,1057288409,1076351909
80,17115,0,0,3172440384,3172440384
80,17143,3209316692,1058858304,3205997336,1081014433
80,17213,0,0,3215610993,3215610993
80,17227,0,0,3173304960,3173304960
80,17269,1064442105,3198578229,1051296416,1051296416
80,17283,0,0,1030179520,1078293168
80,17297,1065353146,993853303,3141336968,3141336968
80,17311,1060598792,3207761249,1061525671,1061525671
80,17339,1065103516,3190817554,1043391476,1043391476
80,17353,3212446562,1046189912,3210314455,3210314455
80,17367,1065073141,1044009803,3191561857,3191561857
80,17395,1064340165,1051670610,3194089394,3194089394
80,19061,3212578163,3191022031,1043599104,1077792491
80,17423,1065286386,3182861742,1024462968,1024462968
80,17451,3205690583,1062313542,3212154948,1082342134
80,17465,0,0,1064572204,1074530960
80,17479,1065348703,3166567776,1019085245,1019085245
80,17493,1065328358,1029628727,3165651872,3165651872
80,17507,1064804882,3196179473,1048789749,1048789749
80,17535,0,0,3180078112,1078817020
80,17549,1065307342,3180812483,1033337885,1033337885
80,17563,0,0,1057639348,1057639348
80,17577,0,0,3192801856,1079374975
80,17591,1065304078,1033675044,3181722684,3181722684
80,17605,3212825856,1024744331,3172230144,1078681963
80,17619,3212030290,1050466216,3198117824,1079835859
80,17647,1064786260,3196320302,1048935419,1048935419
80,17675,1062321858,3205678710,1058907894,1058907894
80,17689,1062873958,1057353436,3205296736,3205296736
80,17717,1065352326,1009303473,3156981233,3156981233
80,17731,3211934656,3198526284,1051241504,1077148247
80,17745,1065264842,3184651837,1034428604,1034428604
80,17773,1064965236,1046147545,3193742833,3193742833
80,17787,1064718845,1049327090,3198985121,3198985121
80,17801,3211826898,1051653655,3199373080,1079992766
80,17815,1063817720,1054210937,3201486045,3201486045
80,17829,0,0,1044657256,1044657256
80,17843,3199596027,3211741601,1067093539,1073189267
80,17857,1061109432,3207212588,1060776088,1060776088
80,17871,1062948548,3204714406,1058143632,1058143632
80,17885,3211766550,1051980308,3199721320,1080036296
80,17899,0,0,1033829600,1078204404
80,17913,3212079368,1050156058,3197792504,1079795194
80,17941,3208594857,3207210590,1011784192,1011784192
80,17955,1062927313,3204749573,1057710594,1057710594
80,17969,3206796799,1061467414,3211879540,1082307708
80,17983,1064764490,3196481887,1049102768,1049102768
80,17997,1065347832,1020232774,1041018764,1041018764
80,18011,1063591723,1055154430,3203184927,3203184927
80,18025,1065348872,3166332629,3164722124,3164722124
80,18039,1065353201,3131916671,984433027,984433027
80,18053,3209907016,3205531997,1058641384,1076013665
80,18067,0,0,3211998724,3211998724
80,18081,3210019279,1057882110,3205924436,1080996208
80,18095,1064079707,3200494464,1053345462,1053345462
80,18109,1062533728,1057884964,3206412250,3206412250
80,18123,1064932121,1046739886,3194349806,3194349806
80,18137,1058911775,3209275045,1065047816,1065047816
80,18165,1065038988,3192209914,1044807584,1044807584
80,18179,3209200653,3206489844,1059831768,1075716069
80,18193,0,0,3187461728,1079047758
80,18207,1064765453,3196474811,1053065681,1053065681
80,18221,3212833397,3165030369,1017547520,1078444741
80,18235,1064425896,3198672090,1057289600,1057289600
80,18249,3211898718,3198734278,1051461568,1077120739
80,18277,0,0,1066038668,1066038668
80,18291,0,0,3212938494,1082452781
80,18305,1064150827,1052661323,3202005147,3202005147
80,18319,1064704445,3196911873,1049549212,1049549212
80,18333,1062691989,1057643184,3205961720,3205961720
80,18347,1062072801,1058541507,3206730129,3206730129
80,18361,0,0,1059181012,1075878758
80,18375,0,0,1066946469,1066946469
80,18389,0,0,3205633594,3205633594
80,18403,0,0,0,0
80,18417,1064073224,3200525769,1054354994,1054354994
80,18431,1065314697,1032499983,3179990594,3179990594
80,18445,1064738684,3196669400,1050261100,1050261100
80,18459,0,0,3205239980,1080825094
80,18473,1063261812,3203894715,1056184187,1056184187
80,18501,1059297762,1061480217,3210781856,3210781856
80,18515,1062618868,3205239671,1057384373,1057384373
80,18529,1065203951,1040730711,3188240943,3188240943
80,18543,3212165258,3197069829,1049713640,1077339230
80,18557,1065225457,3187426065,1039984510,1039984510
80,18571,0,0,1068614609,1071668197
80,18585,1062677262,1057666070,3205666107,3205666107
80,18599,0,0,1049185744,1077405217
80,18613,3211122970,1054961871,3202970120,1080442396
80,18627,1063854617,3201533052,1057587044,1057587044
80,18641,3212085584,3197599658,1050266920,1077270070
80,18655,0,0,1058446382,1058446382
80,18697,0,0,1045470576,1077675524
80,18711,1064236591,1052224146,3199982152,3199982152
80,18725,1051465631,1064377117,3214749505,3214749505
80,18739,0,0,0,0
80,18753,1064847284,1048154969,3195805038,3195805038
80,18795,3211210784,3202081880,1055082640,1076668105
80,18809,1065228750,1039728796,3187252919,3187252919
80,18823,1065341579,1025018102,3184800491,3184800491
80,18837,1065325865,1030343164,3177835143,3177835143
80,18851,1064839668,1048275718,3192068560,3192068560
80,18865,3212827135,3171645289,1024163456,1078387169
80,18879,1064159642,3200100853,1051613083,1051613083
80,18907,3205809407,1062229468,3212009396,1082323940
80,18921,1060747119,1060123244,3207942636,3207942636
80,18949,0,0,3214917102,1082947433
80,18963,1065279475,1035980400,3182253186,3182253186
80,18977,3212768818,3182969907,1035502624,1078152122
80,18991,1064342358,3199142212,1052843539,1052843539
80,19005,1063775477,3201876795,1054855908,1054855908
80,19019,0,0,1053615563,1053615563
80,19033,1060981789,3207354398,1060966884,1060966884
80,19047,0,0,3206156048,1081054111
81,16975,0,0,0,0
81,16989,3208486902,3207330776,1059451584,1075811115
81,17017,1065286931,1035329296,3182828666,3182828666
81,17031,3208892571,1059382991,3206881516,1081235478
81,17073,1062233671,1058319869,3206456260,3206456260
81,17087,3202919368,3211004450,1066347672,1073838479
81,17101,1063597749,3202613869,1055674236,1055674236
81,17115,1065256651,3185273528,3172440384,3172440384
81,17143,3209316692,1058858304,3207127436,1081296958
81,17213,0,0,3215610993,3215610993
81,17227,0,0,3173304960,3173304960
81,17269,1064703997,3196914996,1051296416,1051296416
81,17283,0,0,1030179520,1078293168
81,17297,1065331037,3176303535,3141336968,3141336968
81,17311,1060598792,3207761249,1061525671,1061525671
81,17339,1065290634,3182475857,1043391476,1043391476
81,17353,3212446562,1046189912,3193786208,1079436497
81,17367,1064705241,1049422664,3191561857,3191561857
81,17395,1064340165,1051670610,3199391118,3199391118
81,17423,1065215872,3187851820,1035394010,1035394010
81,17451,3205690583,1062313542,3212154948,1082342134
81,17465,0,0,1064572204,1074530960
81,17479,1065348703,3166567776,1019085245,1019085245
81,17493,3212400899,1046997999,3177119594,3177119594
81,17507,1064804882,3196179473,1048789749,1048789749
81,17535,0,0,3180078112,1078817020
81,17549,1065307342,3180812483,1033337885,1033337885
81,17563,1062765634,3205011143,1057639348,1057639348
81,17577,0,0,3192801856,1079374975
81,17591,1065322599,1031231493,3181168725,3181168725
81,17605,3212825856,1024744331,3172230144,1078681963
81,17619,0,0,3198117824,1079835859
81,17647,1064786260,3196320302,1048935419,1048935419
81,17675,1062221314,3205820815,1058819792,1058819792
81,17689,1062873958,1057353436,3205296736,3205296736
81,17717,0,0,3156787317,3156787317
81,17731,3211934656,3198526284,1051241504,1077148247
81,17745,1065255567,3185353712,1037192397,1037192397
81,17773,1064965236,1046147545,3193742833,3193742833
81,17787,1064943600,1046537387,3196927704,3196927704
81,17801,3211826898,1051653655,3199373080,1079992766
81,17815,1063775260,1054394076,3202138712,3202138712
81,17829,0,0,1044657256,1044657256
81,17843,3199596027,3211741601,1067093539,1073189267
81,19061,3212578163,3191022031,1043599104,1077792491
81,17871,1063210835,3204077940,1057669514,1057669514
81,17885,3211766550,1051980308,3199721320,1080036296
81,17899,0,0,1033829600,1078204404
81,17913,3212079368,1050156058,3197792504,1079795194
81,17941,3208594857,3207210590,1060773416,1075480657
81,17955,1062927313,3204749573,1057710594,1057710594
81,17969,3207345205,1060990152,3210761844,1082167996
81,17983,1064764490,3196481887,1049102768,1049102768
81,17997,1065157785,1042012026,3167717877,3167717877
81,18011,1063591723,1055154430,3203184927,3203184927
81,18025,1065332737,3175764411,1018850036,1018850036
81,18039,1065353201,3131916671,984433027,984433027
81,18053,0,0,1058641384,1076013665
81,18067,0,0,3211998724,3211998724
81,18081,3210019279,1057882110,3205924436,1080996208
81,18095,1064079707,3200494464,1053345462,1053345462
81,18109,1062762797,1057531991,3205927866,3205927866
81,18123,1064932121,1046739886,3194349806,3194349806
81,18137,1059564879,3208737168,1063794027,1063794027
81,18165,1065038988,3192209914,1044807584,1044807584
81,18179,3209200653,3206489844,1059831768,1075716069
81,18193,0,0,3187461728,1079047758
81,18207,1065172399,3189108523,1049095434,1049095434
81,18221,3212833397,3165030369,1017547520,1078444741
81,18235,1065130048,3190191867,1051395717,1051395717
81,18249,3211898718,3198734278,1051461568,1077120739
81,18277,0,0,1066038668,1066038668
81,18291,0,0,3212938494,1082452781
81,18305,1064306040,1051856292,3200451778,3200451778
81,18319,1064704445,3196911873,1049549212,1049549212
81,18333,1062805333,1057464254,3205638892,3205638892
81,18347,1062072801,1058541507,3206730129,3206730129
81,18361,0,0,1059181012,1075878758
81,18375,0,0,1066946469,1066946469
81,18389,0,0,3205633594,3205633594
81,18403,0,0,0,0
81,18417,1064242437,3199677327,1053379346,1053379346
81,18431,1065314697,1032499983,3179990594,3179990594
81,18445,3203903607,3210743002,1049297254,1049297254
81,18459,0,0,3205239980,1080825094
81,18473,3212835424,1012306576,1057042662,1057042662
81,18501,1059297762,1061480217,3210781856,3210781856
81,18515,1062344246,3205646638,1058289704,1058289704
81,18529,1065203951,1040730711,3188240943,3188240943
81,18543,3212165258,3197069829,1049713640,1077339230
81,18557,1065225457,3187426065,1039984510,1039984510
81,18571,0,0,1068614609,1071668197
81,18585,1062677262,1057666070,3205666107,3205666107
81,18599,0,0,1048735826,1077461457
81,18613,3211122970,1054961871,3202970120,1080442396
81,18627,1064535185,3198020804,1054477473,1054477473
81,18641,3212085584,3197599658,1050266920,1077270070
81,18655,0,0,1058446382,1058446382
81,18697,0,0,1045470576,1077675524
81,18711,1064236591,1052224146,3199982152,3199982152
81,18725,1051465631,1064377117,3214749505,3214749505
81,18739,0,0,0,0
81,18753,1064847284,1048154969,3195805038,3195805038
81,18795,3211210784,3202081880,1055082640,1076668105
81,18809,1065228750,1039728796,3187252919,3187252919
81,18823,1065353071,3146269982,3172504062,3172504062
81,18837,1065325865,1030343164,3177835143,3177835143
81,18851,1064695905,1049487638,3195929571,3195929571
81,18865,3212827135,3171645289,1024163456,1078387169
81,18879,1063940902,3201146167,1052920620,1052920620
81,18907,3205809407,1062229468,3212009396,1082323940
81,18921,1060107598,1060761944,3208795246,3208795246
81,18949,0,0,3214917102,1082947433
81,18963,1065089819,1043643619,3183482497,3183482497
81,18977,3212768818,3182969907,1035502624,1078152122
81,18991,1064406701,3198782092,1051894650,1051894650
81,19005,1063775477,3201876795,1054855908,1054855908
81,19019,1064548337,3197939328,1053615563,1053615563
81,19033,1060981789,3207354398,1060966884,1060966884
81,19047,0,0,3206156048,1081054111
82,16975,0,0,0,0
82,16989,3208486902,3207330776,1060934968,1075440269
82,17017,1065321803,1031440568,3182828666,3182828666
82,17031,3208892571,1059382991,3207802148,1081465636
82,17073,1061183962,1059644617,3206456260,1081129164
82,17087,3202919368,3211004450,1066184174,1073920228
82,17101,1063597749,3202613869,1055674236,1055674236
82,17115,1065256651,3185273528,1037817532,1037817532
82,17143,3208578041,1059745817,3207127436,1081296958
82,17213,0,0,3215610993,3215610993
82,17227,1065314247,3180036429,3173304960,3173304960
82,17269,1064703997,3196914996,1049552461,1049552461
82,17283,0,0,1030179520,1078293168
82,17297,1065331037,3176303535,1028825970,1028825970
82,17311,1060598792,3207761249,1061525671,1061525671
82,17339,1065290634,3182475857,1035006631,1035006631
82,17353,3212446562,1046189912,3193786208,1079436497
82,17367,1064705241,1049422664,3197027076,3197027076
82,17395,1063705489,1054688913,3199391118,3199391118
82,17423,1065215872,3187851820,1040391633,1040391633
82,17451,3204381615,1063124682,3212154948,1082342134
82,17465,0,0,1064572204,1074530960
82,17479,1065352349,1009158107,1019085245,1019085245
82,17493,3212400899,1046997999,3194614688,1079488277
82,17507,1064734486,3196699504,1048789749,1048789749
82,17535,0,0,3180078112,1078817020
82,17549,1065205903,3188156043,1033337885,1033337885
82,17563,1062765634,3205011143,1058018103,1058018103
82,17577,0,0,3192801856,1079374975
82,17591,1065322599,1031231493,3178725009,3178725009
82,17605,0,0,3172230144,1078681963
82,17619,0,0,3198117824,1079835859
82,17647,1064643044,3197330248,1048935419,1048935419
82,17675,1062221314,3205820815,1058993870,1058993870
82,17689,1062699564,1057631380,3205296736,3205296736
82,17717,0,0,3156787317,3156787317
82,17731,3211934656,3198526284,1051241504,1077148247
82,17745,1065255567,3185353712,1037898184,1037898184
82,17773,1064928055,1046810932,3193742833,3193742833
82,17787,1064943600,1046537387,3194142166,3194142166
82,17801,3211245210,1054452550,3199373080,1079992766
82,17815,1063775260,1054394076,3202340582,3202340582
82,17829,0,0,1044657256,1044657256
82,17843,3199596027,3211741601,1067093539,1073189267
82,17871,1063340012,3203608283,1057147503,1057147503
82,17885,3211766550,1051980308,3199721320,1080036296
82,17899,0,0,1033829600,1078204404
82,17913,3212079368,1050156058,3197792504,1079795194
82,17941,3208594857,3207210590,1060773416,1075480657
82,17955,1062927313,3204749573,1057710594,1057710594
82,17969,3207895255,1060466895,3210034784,1082023795
82,17983,1064764490,3196481887,1049102768,1049102768
82,17997,1064771730,1048944856,3189535516,3189535516
82,18011,1063591723,1055154430,3203184927,3203184927
82,18025,1065353179,990476865,1028286161,1028286161
82,18039,1065353201,3131916671,984433027,984433027
82,18053,0,0,1058641384,1076013665
82,18067,0,0,3211998724,3211998724
82,18081,3210019279,1057882110,3205924436,1080996208
82,18095,1064079707,3200494464,1053345462,1053345462
82,18109,1063016169,1057117458,3205507067,3205507067
82,18123,1064932121,1046739886,3194349806,3194349806
82,18137,1060469416,3207892722,1062947854,1062947854
82,18165,1065038988,3192209914,1044807584,1044807584
82,18179,3209200653,3206489844,1059831768,1075716069
82,18193,0,0,3187461728,1079047758
82,18207,1065315945,3179835341,1041660328,1041660328
82,18221,3212833397,3165030369,1017547520,1078444741
82,18235,1065350986,3162870029,1042756850,1042756850
82,18249,3211898718,3198734278,1051461568,1077120739
82,18277,0,0,1066038668,1066038668
82,18291,0,0,3212938494,1082452781
82,18305,1064538246,1050518254,3199588946,3199588946
82,18319,1064704445,3196911873,1049549212,1049549212
82,18333,1062974188,1057188036,3205427082,3205427082
82,18347,1062072801,1058541507,3206730129,3206730129
82,18361,0,0,1059181012,1075878758
82,18375,0,0,1066946469,1066946469
82,18389,0,0,3205633594,3205633594
82,18403,0,0,0,0
82,18417,1064461375,3198465456,1052465870,1052465870
82,18431,1065314697,1032499983,3179990594,3179990594
82,18445,3203903607,3210743002,1065905532,1074059549
82,18459,0,0,3205239980,1080825094
82,18473,3212835424,1012306576,3159790848,1078584944
82,18501,1059297762,1061480217,3210781856,3210781856
82,18515,1062165027,3205899024,1058780679,1058780679
82,18529,1065203951,1040730711,3188240943,3188240943
82,18543,3212165258,3197069829,1049713640,1077339230
82,18557,1065225457,3187426065,1039984510,1039984510
82,18571,0,0,1068614609,1071668197
82,18585,1062677262,1057666070,3205666107,3205666107
82,18599,0,0,1048735826,1077461457
82,18613,3211122970,1054961871,3202970120,1080442396
82,18627,1064781048,3196359284,1050708719,1050708719
82,18641,3212085584,3197599658,1050266920,1077270070
82,18655,0,0,1058446382,1058446382
82,18697,0,0,1045470576,1077675524
82,18711,1064236591,1052224146,3199982152,3199982152
82,18725,1051465631,1064377117,3214749505,3214749505
82,18739,0,0,0,0
82,19061,3212578163,3191022031,1043599104,1077792491
82,18795,3211210784,3202081880,1055082640,1076668105
82,18809,1065228750,1039728796,3187252919,3187252919
82,18823,1065330557,3176451755,998786360,998786360
82,18837,1065325865,1030343164,3177835143,3177835143
82,18851,1064444461,1051080863,3197094679,3197094679
82,18865,3212827135,3171645289,1024163456,1078387169
82,18879,1063580878,3202681518,1054053842,1054053842
82,18907,3205809407,1062229468,3212009396,1082323940
82,18921,1059649231,1061179909,3209699194,3209699194
82,18949,0,0,3214917102,1082947433
82,18963,1064755304,1049065478,3191189646,3191189646
82,18977,3212768818,3182969907,1035502624,1078152122
82,18991,1064275747,3199502005,1051512226,1051512226
82,19005,1063775477,3201876795,1054855908,1054855908
82,19019,1064822180,3196033133,1050623103,1050623103
82,19033,1060981789,3207354398,1060966884,1060966884
82,19047,0,0,3206156048,1081054111
