74,16975,0,0,0,0,0,0
74,16989,0,0,0,0,0,0
74,17003,0,0,3f7f16d8,3dac99ca,0,0
74,17017,0,0,3f21b7db,bf4673bc,0,0
74,17031,0,0,0,0,0,0
74,17045,0,0,3f15a8c9,3f4fb276,0,0
74,17059,0,0,0,0,0,0
74,17073,0,0,3f3e4bb4,bf2b3dbe,0,0
74,17087,0,0,3f675757,3edb3f1e,0,0
74,17115,0,0,3f7e50d2,3dea8a97,0,0
74,17129,0,0,bf7f8b54,3d744c9e,0,0
74,17143,0,0,bf757d7f,3e913278,0,0
74,17157,0,0,3f7b7527,be400b4c,0,0
74,17185,0,0,3f7c3596,3e2f90dd,0,0
74,17199,0,0,3f7886e9,3e759cb3,0,0
74,17213,0,0,3f7facc7,3d4e5b76,0,0
74,17227,0,0,0,0,0,0
74,17241,0,0,bf6d6827,3ebf8fda,0,0
74,17255,0,0,3f78b213,3e72ddb8,0,0
74,17269,0,0,3f7bd4be,be380ca5,0,0
74,17283,0,0,3f7ffc66,3c2bba5d,0,0
74,17297,0,0,3f7fa1b3,3d5ba7a5,0,0
74,17311,0,0,3f7efd51,bdb5c914,0,0
74,17325,0,0,3f795744,3e6809ea,0,0
74,17339,0,0,bf7fb256,bd4758d5,0,0
74,17353,0,0,3f672b1a,bedbf975,0,0
74,17367,0,0,3f7f7782,bd841c24,0,0
74,17381,0,0,3f74e706,be951d5a,0,0
74,17395,0,0,3f73f332,3e9b3bec,0,0
74,17409,0,0,3f7d6c79,3e10e8c8,0,0
74,17423,0,0,3f6c2adf,bec59844,0,0
74,17437,0,0,3f7d94cf,be0c6e0c,0,0
74,17451,0,0,3f7ff837,bc7c8742,0,0
74,17465,0,0,3f7fd74a,3d1059f3,0,0
74,17479,0,0,3f7ef3cb,bdb91878,0,0
74,17493,0,0,3f7a4396,be578d6d,0,0
74,17507,0,0,3f7179fa,3eaa005a,0,0
74,17521,0,0,bf7e9d5a,bdd4c5dc,0,0
75,16975,0,0,0,0,0,0
75,16989,0,0,0,0,0,0
75,17003,0,0,3f7f16d8,3dac99ca,0,0
75,17017,0,0,3f3787e3,bf3278f7,0,0
75,17031,0,0,0,0,0,0
75,17045,0,0,3f165c0b,3f4f30d5,0,0
75,17059,0,0,0,0,0,0
75,17073,0,0,3f3a7d1e,bf2f6121,0,0
75,17087,0,0,3f675757,3edb3f1e,0,0
75,17115,0,0,3f7c8265,3e28863e,0,0
75,17129,0,0,bf7f8b54,3d744c9e,0,0
75,17143,0,0,bf73720e,3e9e5ec3,0,0
75,17157,0,0,3f7b7527,be400b4c,0,0
75,17185,0,0,3f7b9d62,3e3cb8e1,0,0
75,17199,0,0,3f7886e9,3e759cb3,0,0
75,17213,0,0,3f7fc6cb,3d2b1ac8,0,0
75,17227,0,0,0,0,0,0
75,17241,0,0,bf6c1c8c,3ec5dcb6,0,0
75,17255,0,0,3f78b213,3e72ddb8,0,0
75,17269,0,0,3f7b0648,be48e7b9,0,0
75,17283,0,0,3f7ffc66,3c2bba5d,0,0
75,17297,0,0,3f7f7f12,3d8066ce,0,0
75,17311,0,0,3f7efd51,bdb5c914,0,0
75,17325,0,0,3f7acd3e,3e4d4f2a,0,0
75,17339,0,0,bf7fb256,bd4758d5,0,0
75,17353,0,0,3f6594f8,bee285d7,0,0
75,17367,0,0,3f7f7782,bd841c24,0,0
75,17381,0,0,3f723e6a,bea593b7,0,0
75,17395,0,0,3f73f332,3e9b3bec,0,0
75,17409,0,0,3f7d61e1,3e121009,0,0
75,17423,0,0,3f6c2adf,bec59844,0,0
75,17437,0,0,3f7ea030,bdd3ec2f,0,0
75,17451,0,0,3f7ff837,bc7c8742,0,0
75,17465,0,0,3f7ebdb3,3dcadcdf,0,0
75,17479,0,0,3f7ef3cb,bdb91878,0,0
75,17493,0,0,3f7a2844,be59867b,0,0
75,17507,0,0,3f7179fa,3eaa005a,0,0
75,17521,0,0,bf7e47dd,bdecf4ca,0,0
76,16975,0,0,0,0,0,0
76,16989,0,0,0,0,0,0
76,17003,0,0,3f7faf05,3d4b8edd,0,0
76,17017,0,0,3f3787e3,bf3278f7,0,0
76,17031,0,0,3f7f313c,3da28e19,0,0
76,17045,0,0,3f165c0b,3f4f30d5,0,0
76,17059,0,0,0,0,0,0
76,17073,0,0,3f3a7d1e,bf2f6121,0,0
76,17087,0,0,3f647733,3ee6fe41,0,0
76,17115,0,0,3f7c8265,3e28863e,0,0
76,17129,0,0,bf7f8b54,3d744c9e,0,0
76,17143,0,0,bf73720e,3e9e5ec3,0,0
76,17157,0,0,3f7df5b8,be010563,0,0
76,17185,0,0,3f7b9d62,3e3cb8e1,0,0
76,17199,0,0,3f774b50,3e846318,0,0
76,17213,0,0,3f7fc6cb,3d2b1ac8,0,0
76,17227,0,0,bf7fe822,bcdd12c6,0,0
76,17241,0,0,bf6c1c8c,3ec5dcb6,0,0
76,17255,0,0,3f77567f,3e840f6d,0,0
76,17269,0,0,3f7b0648,be48e7b9,0,0
76,17283,0,0,3f7fd869,bd0e5a4f,0,0
76,17297,0,0,3f7f7f12,3d8066ce,0,0
76,17311,0,0,3f7fee80,bcbd4f0a,0,0
76,17325,0,0,3f7acd3e,3e4d4f2a,0,0
76,17339,0,0,bf7fb256,bd4758d5,0,0
76,17353,0,0,3f6594f8,bee285d7,0,0
76,17367,0,0,3f7fe0c1,bcfcf1a0,0,0
76,17381,0,0,3f723e6a,bea593b7,0,0
76,17395,0,0,3f716781,3eaa6928,0,0
76,17409,0,0,3f7d61e1,3e121009,0,0
76,17423,0,0,3f68e385,bed49787,0,0
76,17437,0,0,3f7ea030,bdd3ec2f,0,0
76,17451,0,0,3f7f0d51,bdb015bd,0,0
76,17465,0,0,3f7ebdb3,3dcadcdf,0,0
76,17479,0,0,3f7ffa9c,bc52248c,0,0
76,17493,0,0,3f7a2844,be59867b,0,0
76,17507,0,0,3f718ab3,3ea9a134,0,0
76,17521,0,0,bf7e47dd,bdecf4ca,0,0
77,16975,0,0,0,0,0,0
77,16989,0,0,0,0,0,0
77,17003,0,0,3f7faf05,3d4b8edd,0,0
77,17017,0,0,3f424e3c,bf26ad65,0,0
77,17031,0,0,3f7f313c,3da28e19,0,0
77,17045,0,0,3f1a0ca2,3f4c7654,0,0
77,17059,0,0,0,0,0,0
77,17073,0,0,3f3bfbeb,bf2dc696,0,0
77,17087,0,0,3f647733,3ee6fe41,0,0
77,17115,0,0,3f7b2b03,3e4603ec,0,0
77,17129,0,0,bf7f8b54,3d744c9e,0,0
77,17143,0,0,bf725178,3ea5240d,0,0
77,17157,0,0,3f7df5b8,be010563,0,0
77,17185,0,0,3f7a8195,3e5300df,0,0
77,17199,0,0,3f774b50,3e846318,0,0
77,17213,0,0,3f7fec74,3cc81043,0,0
77,17227,0,0,bf7fe822,bcdd12c6,0,0
77,17241,0,0,bf6a45fa,3ece6ac5,0,0
77,17255,0,0,3f77567f,3e840f6d,0,0
77,17269,0,0,3f782b69,be7b53fb,0,0
77,17283,0,0,3f7fd869,bd0e5a4f,0,0
77,17297,0,0,3f7f0fb4,3daf37e0,0,0
77,17311,0,0,3f7fee80,bcbd4f0a,0,0
77,17325,0,0,3f7aad04,3e4fc12c,0,0
77,17339,0,0,bf7fb256,bd4758d5,0,0
77,17353,0,0,3f626437,beef05b1,0,0
77,17367,0,0,3f7fe0c1,bcfcf1a0,0,0
77,17381,0,0,3f727b0e,bea42f2b,0,0
77,17395,0,0,3f716781,3eaa6928,0,0
77,17409,0,0,3f7dde30,3e03e23a,0,0
77,17423,0,0,3f68e385,bed49787,0,0
77,17437,0,0,3f7efa27,bdb6e440,0,0
77,17451,0,0,3f7f0d51,bdb015bd,0,0
77,17465,0,0,3f7c4d57,3e2d6b68,0,0
77,17479,0,0,3f7ffa9c,bc52248c,0,0
77,17493,0,0,3f794c3a,be68c76a,0,0
77,17507,0,0,3f718ab3,3ea9a134,0,0
77,17521,0,0,bf7df371,be014d01,0,0
78,16975,0,0,0,0,0,0
78,16989,0,0,0,0,0,0
78,17003,0,0,3f7ffe11,bbfbcfde,0,0
78,17017,0,0,3f424e3c,bf26ad65,0,0
78,17031,0,0,bf7c86d1,3e281bf7,0,0
78,17045,0,0,3f1a0ca2,3f4c7654,0,0
78,17059,0,0,0,0,0,0
78,17073,0,0,3f3bfbeb,bf2dc696,0,0
78,17087,0,0,3f639b36,3eea5ca5,0,0
78,17115,0,0,3f7b2b03,3e4603ec,0,0
78,17129,0,0,bf7f8b54,3d744c9e,0,0
78,17143,0,0,bf725178,3ea5240d,0,0
78,17157,0,0,3f7e4221,bdee7d72,0,0
78,17185,0,0,3f7a8195,3e5300df,0,0
78,17199,0,0,3f76678c,3e8add4e,0,0
78,17213,0,0,3f7fec74,3cc81043,0,0
78,17227,0,0,bf7fe822,bcdd12c6,0,0
78,17241,0,0,bf6a45fa,3ece6ac5,0,0
78,17255,0,0,3f7599a2,3e9073a7,0,0
78,17269,0,0,3f782b69,be7b53fb,0,0
78,17283,0,0,3f7f8c77,bd731b51,0,0
78,17297,0,0,3f7f0fb4,3daf37e0,0,0
78,17311,0,0,3f7fdf03,3d01f1ab,0,0
78,17325,0,0,3f7aad04,3e4fc12c,0,0
78,17339,0,0,bf7fb256,bd4758d5,0,0
78,17353,0,0,3f626437,beef05b1,0,0
78,17367,0,0,3f7ff734,bc8637f9,0,0
78,17381,0,0,3f727b0e,bea42f2b,0,0
78,17395,0,0,3f6dce52,3ebd924d,0,0
78,17409,0,0,3f7dde30,3e03e23a,0,0
78,17423,0,0,3f6466e7,bee73eaf,0,0
78,17437,0,0,3f7efa27,bdb6e440,0,0
78,17451,0,0,3f7e2924,bdf50ed4,0,0
78,17465,0,0,3f7c4d57,3e2d6b68,0,0
78,17479,0,0,3f7ff30d,bca2d5dc,0,0
78,17493,0,0,3f794c3a,be68c76a,0,0
78,17507,0,0,3f72d6d2,3ea20d1d,0,0
78,17521,0,0,bf7df371,be014d01,0,0
79,16975,0,0,0,0,0,0
79,16989,0,0,bf7ecb11,bdc69ed0,0,0
79,17003,0,0,3f7ffe11,bbfbcfde,0,0
79,17017,0,0,3f4a06f5,bf1d3aac,0,0
79,17031,0,0,bf7c86d1,3e281bf7,0,0
79,17045,0,0,3f199ce9,3f4cca51,0,0
79,17059,0,0,0,0,0,0
79,17073,0,0,3f3c74c0,bf2d4382,0,0
79,17087,0,0,3f639b36,3eea5ca5,0,0
79,17115,0,0,3f7ab178,3e4f6b24,0,0
79,17129,0,0,bf7f8b54,3d744c9e,0,0
79,17143,0,0,bf6e7f2e,3eba1145,0,0
79,17157,0,0,3f7e4221,bdee7d72,0,0
79,17185,0,0,3f7be089,3e3709b9,0,0
79,17199,0,0,3f76678c,3e8add4e,0,0
79,17213,0,0,3f7feccf,3cc63bd1,0,0
79,17227,0,0,bf7fe822,bcdd12c6,0,0
79,17241,0,0,bf6a45fa,3ece6ac5,0,0
79,17255,0,0,3f7599a2,3e9073a7,0,0
79,17269,0,0,3f763a53,be8c1cb9,0,0
79,17283,0,0,3f7f8c77,bd731b51,0,0
79,17297,0,0,3f7ec34e,3dc91815,0,0
79,17311,0,0,3f7fdf03,3d01f1ab,0,0
79,17325,0,0,3f7b526c,3e42dd78,0,0
79,17339,0,0,bf7fb256,bd4758d5,0,0
79,17353,0,0,3f6135ba,bef3723a,0,0
79,17367,0,0,3f7ff734,bc8637f9,0,0
79,17381,0,0,3f73e10a,be9baddf,0,0
79,17395,0,0,3f6dce52,3ebd924d,0,0
79,17409,0,0,3f7d6285,3e11fe2b,0,0
79,17423,0,0,3f6466e7,bee73eaf,0,0
79,17437,0,0,3f7eeb47,bdbc014b,0,0
79,17451,0,0,3f7e2924,bdf50ed4,0,0
79,17465,0,0,3f7ada0d,3e4c5433,0,0
79,17479,0,0,3f7ff30d,bca2d5dc,0,0
79,17493,0,0,3f79f400,be5d3f9f,0,0
79,17507,0,0,3f72d6d2,3ea20d1d,0,0
79,17521,0,0,bf7e212f,bdf71cd0,0,0
80,16975,0,0,0,0,0,0
80,16989,0,0,bf7ecb11,bdc69ed0,0,0
80,17003,0,0,3f7fc38e,bd2fe1af,0,0
80,17017,0,0,3f4a06f5,bf1d3aac,0,0
80,17031,0,0,bf7c86d1,3e281bf7,0,0
80,17045,0,0,3f199ce9,3f4cca51,0,0
80,17059,0,0,0,0,0,0
80,17073,0,0,3f3c74c0,bf2d4382,0,0
80,17087,0,0,3f6480b0,3ee6d8b3,0,0
80,17115,0,0,3f7ab178,3e4f6b24,0,0
80,17129,0,0,bf7f8b54,3d744c9e,0,0
80,17143,0,0,bf6e7f2e,3eba1145,0,0
80,17157,0,0,3f7ee2d0,bdbeda48,0,0
80,17185,0,0,3f7be089,3e3709b9,0,0
80,17199,0,0,3f76a52d,3e8924ee,0,0
80,17213,0,0,3f7feccf,3cc63bd1,0,0
80,17227,0,0,bf7fe822,bcdd12c6,0,0
80,17241,0,0,bf6a45fa,3ece6ac5,0,0
80,17255,0,0,3f76ad67,3e88e9b5,0,0
80,17269,0,0,3f763a53,be8c1cb9,0,0
80,17283,0,0,3f7f23a0,bda7cf8b,0,0
80,17297,0,0,3f7ec34e,3dc91815,0,0
80,17311,0,0,3f7f00f3,3db481d1,0,0
80,17325,0,0,3f7b526c,3e42dd78,0,0
80,17339,0,0,bf7fb256,bd4758d5,0,0
80,17353,0,0,3f6135ba,bef3723a,0,0
80,17367,0,0,3f7fe89e,3cdad0c4,0,0
80,17381,0,0,3f73e10a,be9baddf,0,0
80,17395,0,0,3f68c682,3ed5167c,0,0
80,17409,0,0,3f7d6285,3e11fe2b,0,0
80,17423,0,0,3f61fe80,bef08580,0,0
80,17437,0,0,3f7eeb47,bdbc014b,0,0
80,17451,0,0,3f7c8abc,be27bdbf,0,0
80,17465,0,0,3f7ada0d,3e4c5433,0,0
80,17479,0,0,3f7fc8dd,bd27fba1,0,0
80,17493,0,0,3f79f400,be5d3f9f,0,0
80,17507,0,0,3f732e72,3e9ffc25,0,0
80,17521,0,0,bf7e212f,bdf71cd0,0,0
81,16975,0,0,0,0,0,0
81,16989,0,0,bf7ecb11,bdc69ed0,0,0
81,17003,0,0,3f7fc38e,bd2fe1af,0,0
81,17017,0,0,3f4d730a,bf18baf7,0,0
81,17031,0,0,bf7c86d1,3e281bf7,0,0
81,17045,0,0,3f1ac7e1,3f4be8b9,0,0
81,17059,0,0,0,0,0,0
81,17073,0,0,bf6f7dd0,3eb4e28c,0,0
81,17087,0,0,3f6480b0,3ee6d8b3,0,0
81,17115,0,0,3f7b09e6,3e489f5d,0,0
81,17129,0,0,bf7f8b54,3d744c9e,0,0
81,17143,0,0,bf693a2b,3ed31a3c,0,0
81,17157,0,0,3f7ee2d0,bdbeda48,0,0
81,17185,0,0,3f7d7b49,3e0f47e1,0,0
81,17199,0,0,3f76a52d,3e8924ee,0,0
81,17213,0,0,3f7f61b5,3d8e41aa,0,0
81,17227,0,0,bf7fe822,bcdd12c6,0,0
81,17241,0,0,bf6a45fa,3ece6ac5,0,0
81,17255,0,0,3f76ad67,3e88e9b5,0,0
81,17269,0,0,3f73f9ab,be9b1339,0,0
81,17283,0,0,3f7f23a0,bda7cf8b,0,0
81,17297,0,0,3f7eb4c0,3dcda6d3,0,0
81,17311,0,0,3f7f00f3,3db481d1,0,0
81,17325,0,0,3f7ae1c1,3e4bbcaa,0,0
81,17339,0,0,bf7fb256,bd4758d5,0,0
81,17353,0,0,3f5e481a,befdfbb6,0,0
81,17367,0,0,3f7fe89e,3cdad0c4,0,0
81,17381,0,0,3f74d4c4,be95951b,0,0
81,17395,0,0,3f68c682,3ed5167c,0,0
81,17409,0,0,3f7d7c6d,3e0f278c,0,0
81,17423,0,0,3f61fe80,bef08580,0,0
81,17437,0,0,3f7ea271,bdd33e92,0,0
81,17451,0,0,3f7c8abc,be27bdbf,0,0
81,17465,0,0,3f787ea9,3e762229,0,0
81,17479,0,0,3f7fc8dd,bd27fba1,0,0
81,17493,0,0,3f79f1e7,be5d658a,0,0
81,17507,0,0,3f732e72,3e9ffc25,0,0
81,17521,0,0,bf7daae3,be09ea3b,0,0
82,16975,0,0,0,0,0,0
82,16989,0,0,bf7ecb11,bdc69ed0,0,0
82,17003,0,0,3f7efea5,bdb551ae,0,0
82,17017,0,0,3f4d730a,bf18baf7,0,0
82,17031,0,0,bf7c86d1,3e281bf7,0,0
82,17045,0,0,3f1ac7e1,3f4be8b9,0,0
82,17059,0,0,0,0,0,0
82,17073,0,0,bf6f7dd0,3eb4e28c,0,0
82,17087,0,0,3f638d3c,3eea92eb,0,0
82,17115,0,0,3f7b09e6,3e489f5d,0,0
82,17129,0,0,0,0,0,0
82,17143,0,0,bf693a2b,3ed31a3c,0,0
82,17157,0,0,3f7f8f00,bd706d79,0,0
82,17185,0,0,3f7d7b49,3e0f47e1,0,0
82,17199,0,0,3f791d86,3e6be214,0,0
82,17213,0,0,3f7f61b5,3d8e41aa,0,0
82,17227,0,0,bf7fe822,bcdd12c6,0,0
82,17241,0,0,bf6a45fa,3ece6ac5,0,0
82,17255,0,0,3f77823b,3e82c60e,0,0
82,17269,0,0,3f73f9ab,be9b1339,0,0
82,17283,0,0,3f7f08d5,bdb1b37b,0,0
82,17297,0,0,3f7eb4c0,3dcda6d3,0,0
82,17311,0,0,3f7dbfb4,3e07802a,0,0
82,17325,0,0,3f7ae1c1,3e4bbcaa,0,0
82,17339,0,0,bf7fb256,bd4758d5,0,0
82,17353,0,0,3f5e481a,befdfbb6,0,0
82,17367,0,0,3f7f317d,3da274b7,0,0
82,17381,0,0,3f74d4c4,be95951b,0,0
82,17395,0,0,3f6821fe,3ed7dfb1,0,0
82,17409,0,0,3f7d7c6d,3e0f278c,0,0
82,17423,0,0,3f5f2061,befb00a8,0,0
82,17437,0,0,3f7ea271,bdd33e92,0,0
82,17451,0,0,3f7c549a,be2cc20d,0,0
82,17465,0,0,3f787ea9,3e762229,0,0
82,17479,0,0,3f7fd804,bd0f0f89,0,0
82,17493,0,0,3f79f1e7,be5d658a,0,0
82,17507,0,0,3f74a257,3e96ddb0,0,0
82,17521,0,0,bf7daae3,be09ea3b,0,0
83,16975,0,0,0,0,0,0
83,16989,0,0,bf7ecb11,bdc69ed0,0,0
83,17003,0,0,3f7efea5,bdb551ae,0,0
83,17017,0,0,3f4efbba,bf16a51d,0,0
83,17031,0,0,bf7c86d1,3e281bf7,0,0
83,17045,0,0,3f18213d,3f4de4f9,0,0
83,17059,0,0,0,0,0,0
83,17073,0,0,bf6f7dd0,3eb4e28c,0,0
83,17087,0,0,3f638d3c,3eea92eb,0,0
83,17115,0,0,3f7ac48c,3e4df8d8,0,0
83,17129,0,0,0,0,0,0
83,17143,0,0,bf6b9654,3ec858a8,0,0
83,17157,0,0,3f7f8f00,bd706d79,0,0
83,17185,0,0,3f7e43a2,3dee16a3,0,0
83,17199,0,0,3f791d86,3e6be214,0,0
83,17213,0,0,3f7e0793,3dfd9c0e,0,0
83,17227,0,0,bf7fe822,bcdd12c6,0,0
83,17241,0,0,bf6a45fa,3ece6ac5,0,0
83,17255,0,0,3f77823b,3e82c60e,0,0
83,17269,0,0,bf7f01a5,bdb44309,0,0
83,17283,0,0,3f7f08d5,bdb1b37b,0,0
83,17297,0,0,3f7f1336,3dadf00c,0,0
83,17311,0,0,3f7dbfb4,3e07802a,0,0
83,17325,0,0,3f7b3e7d,3e44770e,0,0
83,17339,0,0,bf7fb256,bd4758d5,0,0
83,17353,0,0,3f5d9cc0,bf0027f6,0,0
83,17367,0,0,3f7f317d,3da274b7,0,0
83,17381,0,0,3f76af6b,be88db2c,0,0
83,17395,0,0,3f6821fe,3ed7dfb1,0,0
83,17409,0,0,3f7d7664,3e0fd228,0,0
83,17423,0,0,3f5f2061,befb00a8,0,0
83,17437,0,0,3f7ec361,bdc91238,0,0
83,17451,0,0,3f7c549a,be2cc20d,0,0
83,17465,0,0,3f751d09,3e93b8b4,0,0
83,17479,0,0,3f7fd804,bd0f0f89,0,0
83,17493,0,0,3f7796d4,be8229b7,0,0
83,17507,0,0,3f74a257,3e96ddb0,0,0
83,17521,0,0,bf7dc199,be074752,0,0
84,16975,0,0,0,0,0,0
84,16989,0,0,bf7ecb11,bdc69ed0,0,0
84,17003,0,0,3f7e37e3,bdf1341d,0,0
84,17017,0,0,3f4efbba,bf16a51d,0,0
84,17031,0,0,bf7c86d1,3e281bf7,0,0
84,17045,0,0,3f18213d,3f4de4f9,0,0
84,17059,0,0,0,0,0,0
84,17073,0,0,bf6f7dd0,3eb4e28c,0,0
84,17087,0,0,3f60bab3,3ef53759,0,0
84,17115,0,0,3f7ac48c,3e4df8d8,0,0
84,17129,0,0,0,0,0,0
84,17143,0,0,bf6b9654,3ec858a8,0,0
84,17157,0,0,3f7fc237,bd31d1d3,0,0
84,17185,0,0,3f7e43a2,3dee16a3,0,0
84,17199,0,0,3f7aeb8c,3e4afb4e,0,0
84,17213,0,0,3f7e0793,3dfd9c0e,0,0
84,17227,0,0,bf7fe822,bcdd12c6,0,0
84,17241,0,0,bf6a45fa,3ece6ac5,0,0
84,17255,0,0,3f77ecc3,3e7f29d3,0,0
84,17269,0,0,bf7f01a5,bdb44309,0,0
84,17283,0,0,3f7da692,be0a6907,0,0
84,17297,0,0,3f7f1336,3dadf00c,0,0
84,17311,0,0,3f7c7fac,3e28c775,0,0
84,17325,0,0,3f7b3e7d,3e44770e,0,0
84,17339,0,0,bf7fb256,bd4758d5,0,0
84,17353,0,0,3f5d9cc0,bf0027f6,0,0
84,17367,0,0,3f7dc278,3e072d34,0,0
84,17381,0,0,3f76af6b,be88db2c,0,0
84,17395,0,0,3f65e742,3ee1370a,0,0
84,17409,0,0,3f7d7664,3e0fd228,0,0
84,17423,0,0,3f5e705b,befd6e96,0,0
84,17437,0,0,3f7ec361,bdc91238,0,0
84,17451,0,0,3f7b72f1,be40399f,0,0
84,17465,0,0,3f751d09,3e93b8b4,0,0
84,17479,0,0,3f7fcbe0,bd2355b0,0,0
84,17493,0,0,3f7796d4,be8229b7,0,0
84,17507,0,0,3f75c0f5,3e8f6729,0,0
84,17521,0,0,bf7dc199,be074752,0,0
85,16975,0,0,0,0,0,0
85,16989,0,0,bf7ecb11,bdc69ed0,0,0
85,17003,0,0,3f7e37e3,bdf1341d,0,0
85,17017,0,0,3f50b84a,bf143ac7,0,0
85,17031,0,0,bf7c86d1,3e281bf7,0,0
85,17045,0,0,3f160838,3f4f6d90,0,0
85,17059,0,0,0,0,0,0
85,17073,0,0,bf6f7dd0,3eb4e28c,0,0
85,17087,0,0,3f60bab3,3ef53759,0,0
85,17115,0,0,3f7b4900,3e439f79,0,0
85,17129,0,0,0,0,0,0
85,17143,0,0,bf6c1887,3ec5efe0,0,0
85,17157,0,0,3f7fc237,bd31d1d3,0,0
85,17185,0,0,3f7e6f91,3de20cdd,0,0
85,17199,0,0,3f7aeb8c,3e4afb4e,0,0
85,17213,0,0,3f7d72f9,3e10326e,0,0
85,17227,0,0,bf7fe822,bcdd12c6,0,0
85,17241,0,0,bf6a45fa,3ece6ac5,0,0
85,17255,0,0,3f77ecc3,3e7f29d3,0,0
85,17269,0,0,bf7f01a5,bdb44309,0,0
85,17283,0,0,3f7da692,be0a6907,0,0
85,17297,0,0,3f7f979d,3d6717a2,0,0
85,17311,0,0,3f7c7fac,3e28c775,0,0
85,17325,0,0,3f7ab99b,3e4ecd89,0,0
85,17339,0,0,bf7fb256,bd4758d5,0,0
85,17353,0,0,3f5b8759,bf03b182,0,0
85,17367,0,0,3f7dc278,3e072d34,0,0
85,17381,0,0,3f76af6b,be88db2c,0,0
85,17395,0,0,3f65e742,3ee1370a,0,0
85,17409,0,0,3f7df42d,3e0135e2,0,0
85,17423,0,0,3f5e705b,befd6e96,0,0
85,17437,0,0,3f7eff45,bdb5196e,0,0
85,17451,0,0,3f7b72f1,be40399f,0,0
85,17465,0,0,3f717c42,3ea9f35f,0,0
85,17479,0,0,3f7fcbe0,bd2355b0,0,0
85,17493,0,0,3f741694,be9a5cd4,0,0
85,17507,0,0,3f75c0f5,3e8f6729,0,0
85,17521,0,0,bf7e794d,bddf4b56,0,0
86,16975,0,0,0,0,0,0
86,16989,0,0,bf7ecb11,bdc69ed0,0,0
86,17003,0,0,3f7eaa2a,bdd0e77d,0,0
86,17017,0,0,3f50b84a,bf143ac7,0,0
86,17031,0,0,bf7c86d1,3e281bf7,0,0
86,17045,0,0,3f160838,3f4f6d90,0,0
86,17059,0,0,0,0,0,0
86,17073,0,0,bf6f7dd0,3eb4e28c,0,0
86,17087,0,0,3f5cf642,3f014633,0,0
86,17115,0,0,3f7b4900,3e439f79,0,0
86,17129,0,0,3f07dce3,bf58f918,0,0
86,17143,0,0,bf6c1887,3ec5efe0,0,0
86,17157,0,0,3f7ff6c2,bc899520,0,0
86,17185,0,0,3f7e6f91,3de20cdd,0,0
86,17199,0,0,3f7bd5cd,3e37f56d,0,0
86,17213,0,0,3f7d72f9,3e10326e,0,0
86,17227,0,0,bf7fe822,bcdd12c6,0,0
86,17521,0,0,bf7e794d,bddf4b56,0,0
86,17255,0,0,3f792fd7,3e6aabbd,0,0
86,17269,0,0,bf7f01a5,bdb44309,0,0
86,17283,0,0,3f7b3cf0,be4496b9,0,0
86,17297,0,0,3f7f979d,3d6717a2,0,0
86,17311,0,0,3f7b1c7f,3e4729a5,0,0
86,17325,0,0,3f7ab99b,3e4ecd89,0,0
86,17507,0,0,bf7c42b5,3e2e6215,0,0
86,17353,0,0,3f5b8759,bf03b182,0,0
86,17367,0,0,3f7c92cb,3e26fb31,0,0
86,17381,0,0,3f76af6b,be88db2c